,precision,recall,f1-score,support
B,0.7035022552401168,0.6284664612467409,0.6638708062093139,16876.0
IR,0.6374340433847958,0.7790649071475488,0.7011688835147118,16747.0
N,1.0,0.9110488908033599,0.9534542995604643,13929.0
OR,0.8148170750312758,0.7982065461067105,0.8064262849550039,33455.0
accuracy,0.7782907649956177,0.7782907649956177,0.7782907649956177,0.7782907649956177
macro avg,0.7889383434140471,0.7791967013260901,0.7812300685598734,81007.0
weighted avg,0.7867976499459147,0.7782907649956177,0.7802488096035728,81007.0
