,precision,recall,f1-score,support
B,0.8371851259496201,0.6203484237971083,0.7126374187400021,16876.0
IR,0.6785956964892412,0.8944351564365894,0.7717074929809649,16748.0
N,1.0,0.9687701916864097,0.9841374029099661,13929.0
OR,0.8565876172835758,0.8432474442518084,0.8498651844487626,33454.0
accuracy,0.8289777426642142,0.8289777426642142,0.8289777426642142,0.8289777426642142
macro avg,0.8430921099306092,0.831700304042979,0.8295868747699238,81007.0
weighted avg,0.8404056323395799,0.8289777426642142,0.8282057839048884,81007.0
