,precision,recall,f1-score,support
B,0.8101404187337089,0.5709291301256222,0.669818207097918,16876.0
IR,0.7336708606947717,0.8738953904943874,0.7976673842548437,16748.0
N,1.0,0.728264771340369,0.8427699081959041,13929.0
OR,0.7465019732458613,0.870721865192049,0.8038412185934848,33455.0
accuracy,0.784428698400158,0.784428698400158,0.784428698400158,0.784428698400158
macro avg,0.8225783131685855,0.760952789288107,0.7785241795355378,81008.0
weighted avg,0.8006946572734347,0.784428698400158,0.7813380830756266,81008.0
