,precision,recall,f1-score,support
B,0.7759101687822569,0.6592201943588528,0.712821169987826,16876.0
IR,0.7181349448356157,0.7734057797946023,0.744746298691965,16748.0
N,0.9982798165137615,1.0,0.9991391678622669,13928.0
OR,0.8259227220299885,0.8561649977581827,0.8407719967711161,33455.0
accuracy,0.8227560581184342,0.8227560581184342,0.8227560581184342,0.8227560581184342
macro avg,0.8295619130404057,0.8221977429779095,0.8243696583282935,81007.0
weighted avg,0.8228532103940797,0.8227560581184342,0.8214921989108462,81007.0
