,precision,recall,f1-score,support
B,0.8175027520050322,0.6160820099549656,0.7026424275190917,16876.0
IR,0.708585697587929,0.7963814414522004,0.7499226854845511,16747.0
N,0.9970651395848247,1.0,0.9985304132764615,13929.0
OR,0.8013353241118968,0.8502465999103274,0.8250667130757628,33455.0
accuracy,0.8160776229214759,0.8160776229214759,0.8160776229214759,0.8160776229214759
macro avg,0.8311222283224207,0.8156775128293734,0.8190405598389668,81007.0
weighted avg,0.8191842028192934,0.8160776229214759,0.8138541833804417,81007.0
