Model,accuracy_mean,accuracy_std,macro_avg_precision_mean,macro_avg_precision_std,macro_avg_recall_mean,macro_avg_recall_std,macro_avg_f1_mean,macro_avg_f1_std,weighted_avg_precision_mean,weighted_avg_precision_std,weighted_avg_recall_mean,weighted_avg_recall_std,weighted_avg_f1_mean,weighted_avg_f1_std,folds_processed
CNN23,0.9195552923982075,0.004783062699826227,0.9094423644425798,0.006750530595922377,0.9027120852236015,0.005898050944699463,0.9043695716391096,0.005860899499834562,0.9209042626241265,0.00444929487906394,0.9195552923982075,0.004783062699826227,0.9189559211753112,0.004942898639368537,5
CNNBILSTM23,0.9575988271299349,0.0010818002884408094,0.9500622592131307,0.002022232344435464,0.9505789239389595,0.002078674652967764,0.9500478204001656,0.0015061351446511216,0.9579138687508777,0.0010539262108777289,0.9575988271299349,0.0010818002884408094,0.9575577401104475,0.0010652798758888757,5
CNNLSTM23,0.9581888937716032,0.004290370565345787,0.9509173419402929,0.005630247892568935,0.9505656964096392,0.005941265553914236,0.9504409845761537,0.005586673216869959,0.9585335493360319,0.004010182245588031,0.9581888937716032,0.004290370565345787,0.958133922376627,0.004291865620747139,5
CNNTransformer23,0.9533646279208439,0.004420017298015422,0.94390619034072,0.0053001451343321045,0.9463906958146382,0.005871860360675265,0.9447403910092891,0.005451480163784008,0.9538784451881911,0.0044547361393377635,0.9533646279208439,0.004420017298015422,0.9533083750672896,0.004509950605234339,5
LightGBM23,0.9568729664320834,0.0008124297757618682,0.9503209477076731,0.001125057890590505,0.9490138971876887,0.0008022691833440295,0.9495910668208442,0.00092860491914009,0.9568792984838751,0.0008071060622855223,0.9568729664320834,0.0008124297757618682,0.9568191820028364,0.0008100215590505799,5
XGBoost23,0.9627218304928409,0.0007280899130096972,0.9567473829011215,0.0009941459885356363,0.955268009379745,0.0007716416848734567,0.9559520551422128,0.0008641522319412684,0.9627227344544584,0.0007201196682185126,0.9627218304928409,0.0007280899130096972,0.9626801336406119,0.000724444401869551,5
ResNetTransformer23,0.9580679280926022,0.0012056321059026323,0.9510857342336612,0.0025734771703868876,0.9513393278057377,0.0028891075328130755,0.9508894383300971,0.0016291440663485832,0.9585489519228654,0.0012342258817023897,0.9580679280926022,0.0012056321059026323,0.9580559218449822,0.001242972185220738,5
