,precision,recall,f1-score,support
B,0.6339404709018214,0.6764636169708462,0.6545120972365555,16876.0
IR,0.6778267733681747,0.7434764435421269,0.7091354368379087,16747.0
N,1.0,0.8353794242228444,0.9103070604341873,13929.0
OR,0.8036309632054313,0.7925571663428486,0.7980556517028096,33455.0
accuracy,0.7655881590479835,0.7655881590479835,0.7655881590479835,0.7655881590479835
macro avg,0.7788495518688567,0.7619691627696665,0.7680025615528653,81007.0
weighted avg,0.7760368639077322,0.7655881590479835,0.7690700332834677,81007.0
