,precision,recall,f1-score,support
B,0.8303155321262129,0.6439914671723157,0.7253796095444686,16876.0
IR,0.7346223494362989,0.7508956293288751,0.7426698556116574,16748.0
N,0.9997075809635207,0.9817646636513748,0.9906548826427123,13929.0
OR,0.7891163793103448,0.8755903628863514,0.8301074049933402,33454.0
accuracy,0.8198180404162603,0.8198180404162603,0.8198180404162603,0.8198180404162603
macro avg,0.8384404604590944,0.8130605307597293,0.8222029381980446,81007.0
weighted avg,0.8226435527449512,0.8198180404162603,0.8178180406561659,81007.0
