,precision,recall,f1-score,support
B,0.783317282761686,0.6265702773168997,0.6962304526748971,16876.0
IR,0.6722279839473329,0.890189287633606,0.7660055492755112,16747.0
N,0.9987772423218011,0.9969129155000359,0.9978442081057775,13929.0
OR,0.8543655339187985,0.8026005081452697,0.8276744293574588,33455.0
accuracy,0.8174478748750108,0.8174478748750108,0.8174478748750108,0.8174478748750108
macro avg,0.8271720107374045,0.8290682471489529,0.8219386598534112,81007.0
weighted avg,0.826741289723184,0.8174478748750108,0.8168022524216143,81007.0
