,precision,recall,f1-score,support
B,0.7797619047619048,0.6210002370229912,0.6913840876105026,16876.0
IR,0.7091700680272108,0.7780630523047528,0.7420208979870738,16748.0
N,0.999927494199536,0.9901636990235497,0.9950216450216451,13928.0
OR,0.8034463276836158,0.8501569272156628,0.826141892382543,33455.0
accuracy,0.811584184082857,0.811584184082857,0.811584184082857,0.811584184082857
macro avg,0.8230764486680668,0.8098459788917391,0.8136421307504411,81007.0
weighted avg,0.8128029582128475,0.811584184082857,0.8097127698041133,81007.0
