,precision,recall,f1-score,support
B,0.724809916299278,0.6721972031287035,0.6975128354905155,16876.0
IR,0.7523484750997298,0.6981729161690948,0.7242489934964385,16748.0
N,0.9995676298911869,0.995836025558188,0.9976983384880961,13929.0
OR,0.7746396571873783,0.8321327155881034,0.8023575865000793,33455.0
accuracy,0.7992667390874976,0.7992667390874976,0.7992667390874976,0.7992667390874976
macro avg,0.8128414196193933,0.7995847151110224,0.8054544384937823,81008.0
weighted avg,0.7983257413637539,0.7992667390874976,0.797955287971276,81008.0
