,precision,recall,f1-score,support
B,0.7420579420579421,0.660227542071581,0.6987551346774952,16876.0
IR,0.6449540377582287,0.7792440437093211,0.7057678267218301,16747.0
N,0.9999270977619013,0.9847081628257592,0.9922592780149027,13929.0
OR,0.8071221247776287,0.7730085189059931,0.789697080737755,33455.0
accuracy,0.7872035749996914,0.7872035749996914,0.7872035749996914,0.7872035749996914
macro avg,0.7985153005889252,0.7992970668781637,0.7966198300379957,81007.0
weighted avg,0.7931940490287008,0.7872035749996914,0.7882304093038759,81007.0
