,precision,recall,f1-score,support
B,0.8455615942028986,0.553152405783361,0.6687920905573864,16876.0
IR,0.6541464728056005,0.870372581800812,0.7469255995080959,16748.0
N,0.9983131646497984,0.9772417258956134,0.9876650703816572,13929.0
OR,0.8131810038473964,0.8276191899566582,0.8203365726475468,33455.0
accuracy,0.8050069128974916,0.8050069128974916,0.8050069128974916,0.8050069128974916
macro avg,0.8278005588764235,0.8070964758591112,0.8059298332736716,81008.0
weighted avg,0.8188798284667935,0.8050069128974916,0.8023601627503187,81008.0
