,precision,recall,f1-score,support
B,0.7875219818028901,0.6103342024176345,0.6876982139876482,16876.0
IR,0.729588061174149,0.7064127059947456,0.7178133721635723,16748.0
N,1.0,0.894959793222286,0.9445686356230819,13928.0
OR,0.764618951767014,0.8969959647287401,0.8255343731946851,33455.0
accuracy,0.797523670793882,0.797523670793882,0.797523670793882,0.797523670793882
macro avg,0.8204322486860133,0.7771756665908516,0.793903648742247,81007.0
weighted avg,0.8026181545399246,0.797523670793882,0.7950144781122315,81007.0
