,precision,recall,f1-score,support
B,0.817852359568266,0.615133917990045,0.7021542832020021,16876.0
IR,0.6790184290923426,0.8228339404072371,0.7440403876785184,16747.0
N,0.9986319124423964,0.9956924402326083,0.9971600100657871,13929.0
OR,0.8196120942224305,0.8361978777462262,0.8278219184162635,33455.0
accuracy,0.8148061278654931,0.8148061278654931,0.8148061278654931,0.8148061278654931
macro avg,0.8287786988313589,0.8174645440940291,0.8177941498406428,81007.0
weighted avg,0.8209619486304278,0.8148061278654931,0.8134386425443675,81007.0
