,precision,recall,f1-score,support
B,0.8496474143720618,0.5997274235600853,0.7031401973044324,16876.0
IR,0.6744452776920022,0.9128851206114162,0.7757566532206915,16748.0
N,1.0,0.9378993466867687,0.9679546549105323,13929.0
OR,0.8297464180804508,0.827464578226819,0.8286039272030651,33454.0
accuracy,0.8166701643067883,0.8166701643067883,0.8166701643067883,0.8166701643067883
macro avg,0.8384597775361288,0.8194941172712723,0.8188638581596803,81007.0
weighted avg,0.8310589942374359,0.8166701643067883,0.8155014081097917,81007.0
